{
  "kango_version": "1.2.4 744e69cf4136", 
  "content_scripts": [
    "nepi-jano-na-sme.js", 
    "smeti-na-sme.js", 
    "smeti-na-pravde.js"
  ], 
  "browser_button": {
    "caption": "Nepi Jano!", 
    "tooltipText": "Nepi Jano! nastavenia", 
    "popup": {
      "url": "popup.html", 
      "width": 400, 
      "height": 600
    }, 
    "icon": "icons/button.png"
  }, 
  "creator": "Miroslav Magda (http://blog.ejci.net), mojprispevok", 
  "description": "This extension allows to read paid content on www.sme.sk.", 
  "background_scripts": [], 
  "homepage_url": "https://github.com/mojprispevok/nepi-jano", 
  "version": "0.11.0", 
  "id": "folkpflakbpbnffjgcldikjgdnijkach", 
  "name": "Nepi Jano!"
}